{
    "AP_seed": "6022528194466116446",
    "AP_slotName": "Blue",
    "URL": "archipelago.gg",
    "bionic": false,
    "frosty": true,
    "port": 38281,
    "spaced_out": true,
    "technologies": {
        "Acoustics": [
            "WoodTile>>3",
            "Pages 44-45>>4",
            "40000 Credits>>2"
        ],
        "AdvancedFiltration": [
            "Lure x2>>4",
            "Card Slot>>4",
            "7500 Credits>>2"
        ],
        "AdvancedNuclearResearch": [
            "MilkFatSeparator>>3",
            "Maximum Power Up>>2"
        ],
        "AdvancedPowerRegulation": [
            "100 Credits>>2",
            "SandStorm>>2",
            "Single Shot Option>>2",
            "Bomb>>1",
            "Fairy>>4",
            "SugarEngine>>3"
        ],
        "AdvancedResearch": [
            "Bomb>>1",
            "Money x30>>4",
            "MetalRefinery>>3",
            "GEM WAR (Episode 2)>>2"
        ],
        "AdvancedSanitation": [
            "Guided Micro Bombs>>2"
        ],
        "AdvancedScanners": [
            "STARGATE (Episode 3)>>2",
            "GasValve>>3",
            "MegaLaser Dual>>2"
        ],
        "Agriculture": [
            "Bomb>>1",
            "Silver Ring>>1",
            "Money x20>>4",
            "HotDog (Rear)>>2",
            "HabitatModuleMedium>>3",
            "Care Package: Omelettes>>3"
        ],
        "AnimalComfort": [
            "Zica Laser>>2",
            "CO2Engine>>3",
            "Effigy>>4"
        ],
        "AnimalControl": [
            "LogicGateMultiplexer>>3",
            "Armor Up>>2",
            "LogicRadiationSensor>>3",
            "Satellite Marlo>>2",
            "LogicRibbon>>3"
        ],
        "ArtificialFriends": [
            "GlassTile>>3",
            "7500 Credits>>2"
        ],
        "Artistry": [
            "Golden Coin>>4",
            "InsulatedLiquidConduit>>3",
            "RanchStation>>3",
            "Fortuna>>1",
            "Area 6>>1",
            "Titania>>1",
            "Wild Ball>>2"
        ],
        "BasicRefinement": [
            "500 Credits>>2",
            "Vulcan Cannon (Front)>>2"
        ],
        "BetterHydroCarbonPropulsion": [
            "SolidConduit>>3"
        ],
        "Bioengineering": [
            "Armor Up>>2"
        ],
        "Catalytics": [
            "Firecracker x5>>4",
            "Bomb>>1",
            "200 Credits>>2",
            "Gold Ring>>1",
            "Care Package: Squash Fries>>3"
        ],
        "Clothing": [
            "Fool Trap>>4",
            "Shield Up>>2",
            "LogicAlarm>>3"
        ],
        "Combustion": [
            "CreatureGroundTrap>>3",
            "LiquidFilter>>3"
        ],
        "CrashPlan": [
            "Care Package: Nutrient Bar>>3",
            "OxygenMask>>3",
            "750 Credits>>2"
        ],
        "CryoFuelPropulsion": [
            "375 Credits>>2",
            "2000 Credits>>2"
        ],
        "DairyOperation": [
            "LogicClusterLocationSensor>>3",
            "NortShip Super Pulse>>2",
            "Aura's Gem>>4"
        ],
        "DirectedAirStreams": [
            "SAVARA (Episode 1)>>2",
            "SmallSculpture>>3",
            "Gold Ring>>1"
        ],
        "Distillation": [
            "MicroBomb>>2",
            "Louder Echo>>4",
            "ModularLaunchpadPortLiquidUnloader>>3"
        ],
        "DupeTrafficControl": [
            "Lure>>4",
            "MP Berry>>4",
            "MP Berry>>4",
            "Ivy x3>>4",
            "2000 Credits>>2"
        ],
        "DurableLifeSupport": [
            "SolidConduitOutbox>>3",
            "Sonic Impulse>>2",
            "RocketInteriorLiquidOutput>>3",
            "Money x32>>4",
            "10000 Credits>>2"
        ],
        "EnvironmentalAppreciation": [
            "Buster Rocket>>2"
        ],
        "FarmingTech": [
            "MicroBomb>>2",
            "20000 Credits>>2",
            "ArtifactAnalysisStation>>3",
            "MethaneGenerator>>3"
        ],
        "FineArt": [
            "Money x32>>4",
            "Canvas>>3"
        ],
        "FineDining": [
            "5000 Credits>>2",
            "Gold Ring>>1",
            "Pages 24-25 (Prayer)>>4",
            "100 Credits>>2"
        ],
        "FinerDining": [
            "Companion Ship Warfly>>2",
            "Protron (Rear)>>2",
            "500 Credits>>2",
            "Gold Ring>>1"
        ],
        "FlowRedirection": [
            "SodaFountain>>3",
            "Fairy>>4",
            "Silver Ring>>1",
            "Single Shot Option>>2",
            "Ivy x3>>4"
        ],
        "FoodRepurposing": [
            "Companion Ship Gerund>>2",
            "HP Berry x2>>4",
            "InsulationTile>>3"
        ],
        "GasDistribution": [
            "Pages 28-29>>4",
            "ASTCITY (Episode 2)>>2",
            "Gold Ring>>1",
            "Silver Ring>>1"
        ],
        "GasPiping": [
            "Flask Shard>>4",
            "Chlorinator>>3",
            "Shuriken Field>>2",
            "Armor Up>>2"
        ],
        "GenericSensors": [
            "GasMiniPump>>3",
            "Protron Cannon Tangerine>>2",
            "2000 Credits>>2",
            "RetroBall>>2",
            "IceKettle>>3",
            "Care Package: Flox>>3",
            "SP Offering>>4",
            "500 Credits>>2"
        ],
        "GlassFurnishings": [
            "LuxuryBed>>3",
            "IceCooledFan>>3",
            "Red Questagon>>4"
        ],
        "HVAC": [
            "Pages 0-1>>4",
            "LogicRibbonWriter>>3",
            "Effigy>>4",
            "BatteryMedium>>3",
            "Money x50>>4",
            "HEPEngine>>3",
            "CometDetector>>3"
        ],
        "HighPressureForging": [
            "RocketInteriorLiquidInput>>3"
        ],
        "HighTempForging": [
            "Money x128>>4",
            "Silver Ring>>1",
            "SAWBLADES (Episode 3)>>2",
            "Dagger Strap>>4",
            "Effigy>>4"
        ],
        "HighVelocityDestruction": [
            "Laser>>2"
        ],
        "HighVelocityTransport": [
            "SmallOxidizerTank>>3",
            "Invulnerability>>2"
        ],
        "HydrocarbonPropulsion": [
            "LogicHEPSensor>>3",
            "JetSuitLocker>>3"
        ],
        "ImprovedCombustion": [
            "IceMachine>>3",
            "Money x25>>4",
            "2000 Credits>>2"
        ],
        "ImprovedGasPiping": [
            "Gold Ring>>1",
            "DLC1CosmicResearchCenter>>3",
            "MechanicalSurfboard>>3",
            "Money x20>>4"
        ],
        "ImprovedLiquidPiping": [
            "Mega Pulse (Front)>>2",
            "MP Berry x3>>4",
            "DecontaminationShower>>3",
            "BONUS (Episode 3)>>2"
        ],
        "ImprovedOxygen": [
            "Money x50>>4",
            "150 Credits>>2"
        ],
        "InteriorDecor": [
            "SuitFabricator>>3",
            "Phonomath>>4",
            "Money x48>>4"
        ],
        "Jetpacks": [
            "7500 Credits>>2",
            "SolidVent>>3",
            "Gold Ring>>1",
            "Dual Shot Option>>2",
            "Katina>>1",
            "SolidLogicValve>>3"
        ],
        "Jobs": [
            "Gold Ring>>1",
            "Fairy>>4",
            "LeadSuitLocker>>3"
        ],
        "LiquidDistribution": [
            "Money x100>>4",
            "Fortress Vault Key>>4",
            "Fool Trap>>4",
            "HP Berry x3>>4"
        ],
        "LiquidFiltering": [
            "Care Package: Refined Copper>>3",
            "20000 Credits>>2"
        ],
        "LiquidPiping": [
            "Care Package: Drecko>>3",
            "NoseconeBasic>>3",
            "40000 Credits>>2",
            "Silver Ring>>1"
        ],
        "LiquidTemperature": [
            "MP Offering>>4",
            "AirFilter>>3",
            "Flask Shard>>4",
            "Charge Cannon>>2",
            "20000 Credits>>2",
            "Money x20>>4",
            "BONUS 2 (Episode 2)>>2"
        ],
        "LogicCircuits": [
            "KeroseneEngineCluster>>3",
            "2000 Credits>>2",
            "500 Credits>>2",
            "Deepfryer>>3"
        ],
        "LogicControl": [
            "5000 Credits>>2",
            "Bomb>>1",
            "LiquidConduitRadiant>>3",
            "Gold Ring>>1"
        ],
        "Luxury": [
            "Maximum Power Up>>2",
            "ClusterTelescopeEnclosed>>3",
            "375 Credits>>2",
            "LogicDuplicantSensor>>3",
            "Armor Up>>2"
        ],
        "MedicineI": [
            "OxidizerTankCluster>>3"
        ],
        "MedicineII": [
            "Glass Cannon>>4",
            "FoodRehydrator>>3"
        ],
        "MedicineIII": [
            "ModularLaunchpadPortBridge>>3",
            "LogicGateNOT>>3",
            "Beno Wallop Beam>>2"
        ],
        "MedicineIV": [
            "300 Credits>>2",
            "Sacred Geometry>>4",
            "BOTANY B (Episode 2)>>2"
        ],
        "Monuments": [
            "Golden Coin>>4",
            "Silver Ring>>1",
            "WireRefinedBridge>>3"
        ],
        "Multiplexing": [
            "FarmTile>>3",
            "2000 Credits>>2"
        ],
        "NotificationSystems": [
            "OreScrubber>>3",
            "SolidConduitTemperatureSensor>>3",
            "MP Berry x3>>4"
        ],
        "NuclearPropulsion": [
            "FloorSwitch>>3"
        ],
        "NuclearRefinement": [
            "LiquidBottler>>3",
            "10000 Credits>>2",
            "Potion Flask>>4"
        ],
        "NuclearResearch": [
            "Fairy>>4",
            "Firecracker x2>>4"
        ],
        "NuclearStorage": [
            "5000 Credits>>2"
        ],
        "ParallelAutomation": [
            "Money x128>>4",
            "AdvancedDoctorStation>>3",
            "Money x30>>4",
            "CraftingTable>>3"
        ],
        "Plastics": [
            "500 Credits>>2",
            "Pages 42-43 (Holy Cross)>>4"
        ],
        "PortableGasses": [
            "LiquidMiniPump>>3",
            "Firecracker x2>>4",
            "LeadSuit>>3",
            "Anklet>>4",
            "Bomb>>1",
            "ContactConductivePipeBridge>>3"
        ],
        "PowerRegulation": [
            "AlgaeDistillery>>3",
            "Fool Trap>>4",
            "IceSculpture>>3"
        ],
        "PrecisionPlumbing": [
            "StorageTile>>3",
            "WashSink>>3",
            "5000 Credits>>2"
        ],
        "PressureManagement": [
            "HP Offering>>4",
            "100 Credits>>2",
            "7500 Credits>>2",
            "Banana Blast (Rear)>>2"
        ],
        "PrettyGoodConductors": [
            "GasLimitValve>>3",
            "7500 Credits>>2",
            "Back To Work>>4",
            "Desalinator>>3",
            "Golden Coin>>4"
        ],
        "RadiationProtection": [
            "Gold Ring>>1",
            "Silver Ring>>1",
            "300 Credits>>2",
            "Effigy>>4"
        ],
        "Ranching": [
            "Golden Coin>>4",
            "AirConditioner>>3",
            "1000 Credits>>2",
            "HP Offering>>4",
            "Golden Coin>>4",
            "1000 Credits>>2",
            "OxidizerTankLiquidCluster>>3"
        ],
        "RefinedObjects": [
            "Care Package: Dirt>>3",
            "Zica Flamethrower>>2",
            "Side Ship>>2",
            "Care Package: Lime>>3"
        ],
        "RefractiveDecor": [
            "300 Credits>>2",
            "FishFeeder>>3",
            "Potion Offering>>4"
        ],
        "RenaissanceArt": [
            "Money x25>>4",
            "Sword Upgrade>>4"
        ],
        "RenewableEnergy": [
            "BatterySmart>>3",
            "2000 Credits>>2",
            "Pages 46-47>>4",
            "MP Offering>>4"
        ],
        "RoboticTools": [
            "CritterCondo>>3",
            "Atomic RailGun>>2"
        ],
        "SanitationSciences": [
            "OrbitalCargoModule>>3",
            "MARKERS (Episode 2)>>2",
            "Care Package: Sandstone>>3",
            "AdvancedResearchCenter>>3"
        ],
        "Screens": [
            "SOH JIN (Episode 1)>>2"
        ],
        "SkyDetectors": [
            "10000 Credits>>2",
            "Money x40>>4"
        ],
        "SmartStorage": [
            "375 Credits>>2",
            "7500 Credits>>2",
            "Laser Upgrade>>1"
        ],
        "Smelting": [
            "Vintage>>4",
            "Sword Upgrade>>4"
        ],
        "SolidManagement": [
            "BatteryModule>>3",
            "Effigy>>4",
            "Fool Trap>>4",
            "Care Package: Arbor Tree Seed>>3",
            "Progressive Generator>>2",
            "Money x20>>4"
        ],
        "SolidSpace": [
            "Armor Up>>2",
            "Fairy>>4",
            "Care Package: Refined Iron>>3",
            "UnderwaterCritterCondo>>3",
            "LogicPressureSensorLiquid>>3",
            "WireBridgeHighWattage>>3",
            "Gold Ring>>1",
            "Pages 18-19>>4"
        ],
        "SolidTransport": [
            "LiquidLimitValve>>3",
            "Golden Coin>>4",
            "750 Credits>>2",
            "BeachChair>>3"
        ],
        "SpaceCombustion": [
            "Wobbley>>2",
            "Dath Stone>>4"
        ],
        "SpaceGas": [
            "Money x50>>4",
            "Money x25>>4",
            "MegaMissile>>2",
            "Gold Ring>>1"
        ],
        "SpacePower": [
            "Lure>>4",
            "Gold Ring>>1",
            "5000 Credits>>2"
        ],
        "SpaceProgram": [
            "2000 Credits>>2",
            "SweepBotStation>>3",
            "75 Credits>>2",
            "LiquidHeater>>3"
        ],
        "Suits": [
            "10000 Credits>>2",
            "800 Credits>>2",
            "ATT Offering>>4",
            "Pages 26-27>>4"
        ],
        "TemperatureModulation": [
            "Gold Ring>>1",
            "MP Berry x3>>4",
            "Money x20>>4",
            "Money x25>>4",
            "Sword Upgrade>>4"
        ],
        "TravelTubes": [
            "Potion Flask>>4",
            "Progressive Generator>>2",
            "Mr Mayor>>4",
            "Laser Upgrade>>1"
        ],
        "ValveMiniaturization": [
            "10000 Credits>>2",
            "Silver Star>>1"
        ]
    }
}